filename,count,algorithm,pass
kat.json,1,SHA-1,1
kat.json,1,SHA-224,1
kat.json,1,SHA-256,1
kat.json,1,SHA-3-224,1
kat.json,1,SHA-3-256,1
kat.json,1,SHA-3-384,1
kat.json,1,SHA-3-512,1
kat.json,1,SHA-384,1
kat.json,1,SHA-512,1
kat.json,1,SHA-1,1
kat.json,1,SHA-224,1
kat.json,1,SHA-256,1
kat.json,1,SHA-3-224,1
kat.json,1,SHA-3-256,1
kat.json,1,SHA-3-384,1
kat.json,1,SHA-3-512,1
kat.json,1,SHA-384,1
kat.json,1,SHA-512,1
kat.json,1,SHA-1,1
kat.json,1,SHA-224,1
kat.json,1,SHA-256,1
kat.json,1,SHA-3-224,1
kat.json,1,SHA-3-256,1
kat.json,1,SHA-3-384,1
kat.json,1,SHA-3-512,1
kat.json,1,SHA-384,1
kat.json,1,SHA-512,1
kat.json,1,SHA-1,1
kat.json,1,SHA-224,1
kat.json,1,SHA-256,1
kat.json,1,SHA-3-224,1
kat.json,1,SHA-3-256,1
kat.json,1,SHA-3-384,1
kat.json,1,SHA-3-512,1
kat.json,1,SHA-384,1
kat.json,1,SHA-512,1
kat.json,1000000,SHA-1,1
kat.json,1000000,SHA-224,1
kat.json,1000000,SHA-256,1
kat.json,1000000,SHA-3-224,1
kat.json,1000000,SHA-3-256,1
kat.json,1000000,SHA-3-384,1
kat.json,1000000,SHA-3-512,1
kat.json,1000000,SHA-384,1
kat.json,1000000,SHA-512,1
